id,text
0008fdb22ddce0ce,
00091bffdffd83de,
00396fbc1f6cc21d,
00471f8038d9c4b6,
00901f504008d884,
009b22decbc7220c,
00b33e0ee6d59427,
00bbdcfbbdb3e131,
00c03047e0fbef40,
00c0dabb63ca7a16,
00dcea90f63ad630,
00e15da96484eb94,
00f5784903a39fdd,
0111a6728e9f8a73,
0114a887a2c2e4ca,
01385f22f2490868,
0145dd3d1cd090ae,
016240faa186d24d,
016b0c00cdf93e0a,
017ba667291b53c6,
017e5da799e1637c,
0182bffa56bdd844,
019ed42bb4c2caa9,
01bd84a54be54b8b,
01c918594307c6f2,
01ebd05a14e10618,
020740b55bbc329e,
021e7c8d9dc19021,
0298c2151b43d86b,
02ac23941313841b,
02b370d53ff25d45,
02b3712bd48b8644,
02b5e73920c3c54e,
02f79963274b3c41,
02ffc27eff468793,
0366fcb21245a5cc,
039ff76910d52749,
03a7dcbe6b74bb8e,
03cb3f2e0962474e,
040ba9bc68f4e380,
0412f6a5ba912add,
04284576791e9ec1,
0447bde0b7da3a6c,
046c2f2d42bbac35,
048efa3d18a4999d,
048fe083d6a62591,
04917bb8d098898f,
049445f90a8a2b8d,
04f502c69bb8dcaa,
04fc58802ef2f7a6,
05050540613224a2,
050d88c14e0ea5f9,
050e27e8c616e585,
05426a351b09c757,
0546cab14c4ee65b,
0567d092e87d347c,
0575671b2c5b34ad,
05e33cb53c1ac02a,
05f1039b7cbffe72,
0639e3932c5f7817,
06427235c81111cc,
0689f795bd5627e1,
068f74f7f3021444,
06948b8091b11d1c,
06a484eb2afab068,
06df33e924e78422,
06df57c67fcc47f4,
06fb9852b074f191,
070f663641adc8c5,
0716d938d4ee1685,
071a06f75055347b,
071d8072ab53ecf5,
072731843ae064a6,
073b706bf2450eff,
075ed6e4c487debc,
0778027c660394b0,
0793d5249a3b298e,
07a5f3b6e75f9caf,
07bc5cc66ff8caee,
07d545e9eafadf0a,
07f6f15c8165caa4,
080be7a4c550641c,
0827b6ab0fe72b16,
082e8c4d8d82eb01,
083b515f19482696,
083b72fc1d2da17e,
08590b0bed418283,
086206b3a6bc8ac7,
086be978e8e322c9,
087764f5ad00bd96,
087e0c1c6e93bbc5,
08bf436664359a17,
08f41aac91eb8bc7,
08f54448041c90b1,
09194a475da4ddcc,
091ab5500f1ff9b6,
09297ad7ec71f908,
092f91fcb580f212,
09447bf11a0500aa,
095d28682e8981f7,
098f7da78695260d,
099398ecd1bcf6bd,
09a30d4d88601933,
09db80dc3d186a2e,
09eb83058248f2ac,
09f1aee1561b8b0f,
09f8b34f1e3e5743,
0a0302cbe2dcdd40,
0a12d28777501f71,
0a43350242357a3a,
0a46d57f7a0b0407,
0a4f2decf34d3bff,
0a5bf6ba56f069c5,
0a95b7e3f2bdc376,
0abb9be9652035f2,
0aed5278485aad7d,
0af2da38454cd083,
0b0e7e754b5a103c,
0b0f8f84d1b2ae04,
0b0fd1e0a11db156,
0b14fad2ead8cbea,
0b255faf6658e0fa,
0b269edda9d67e70,
0b365c5adf7f7578,
0b44a2ab47ec95eb,
0b49d225b1648438,
0b60e9d39b43e0b9,
0b8426f6b3d9d4a3,
0b848234702391ca,
0b9483ad39e27019,
0b9c5f11b9c2e742,
0c0db67cbd783708,
0c201bfd63ecf0a5,
0c2de472d06705a4,
0c44cd95b0d95b10,
0c471a246d7c7777,
0c5b6caa96ec9882,
0c62c4ec8d5042a7,
0c7c3129349c252b,
0c86e1a3fe94b2b4,
0c8d4f489a7d9b78,
0c8fb4bcbb776183,
0ca4d10967304b77,
0ca5c5bcdd6ccf63,
0cbc0730650db913,
0cff25caaa6fafa1,
0d2833d1992b660a,
0d983587d59ea6f9,
0d990e7791b3cef6,
0da34c2cca958ac1,
0dca6453aea515b9,
0df3535e77995185,
0df41321b2dc9b68,
0df499833d8ec828,
0e152632a87fcec0,
0e181a7b2c470569,
0e4784ef454b4db0,
0e6ff16ce4b47fe8,
0e82d902e8be0e62,
0ea1c5cc98714405,
0ea4dcbe11fc58d2,
0eb46afcaadad03a,
0eba2850c75c48d2,
0eda817efb4aa013,
0edc89f8e4b669a6,
0f00c6aad3b537de,
0f279185fdc162fc,
0f28152f1258ee40,
0f3bedf01f25f064,
0f7c03d2cdf0979c,
0f8f83e4c0643ffd,
0f924f5aab23e65c,
0fa30d89872cbb63,
0fb80e7e918154b7,
0fc919fba9dc77b6,
0fd75524dfaeef7e,
0fe35a690cfc3d47,
0feb5fce885f15a4,
1024f408d288354b,
1027d7b85da774e4,
103000fee9095f1a,
1035f79046d7a343,
104b4ae18d528f85,
105a537c0ffcf2af,
1063d3cf9de5cc41,
106e817be539b3e7,
10810eb0c6dddb1c,
1081c0c3388d84de,
10a0009b0ccbceb9,
10b293fb79454626,
10b350a87c7fc903,
10b951d45cab812b,
10c4421ecc4767d5,
10d7dffe3a34c770,
10f7a181195be840,
10fdbe2e30df7d8b,
1118b4547007c942,
115d7f2ffef55b9f,
117795b5057bd15e,
117fa2615c4f1357,
119e93dac25c2db4,
11a1afb65afc47f3,
11adc81590a1f617,
11b5fec846ed1ff7,
11d50d6089328329,
11d514ca1791608f,
11f8879b754f6ea9,
1201a2dd9b5eb586,
120ce9e055bcdc5e,
12204163a937e519,
122cf870061859da,
124aa8334826cb3c,
1276e19dfa47adc4,
128fd89fa359e4e8,
129e9b82a833871a,
12aa7e3f97fad5c6,
12b74d0884c1c88d,
12c0ac56836761e0,
12d3032c9cac7869,
12f39c128bf5f434,
12f9326335cb3683,
12fbb2ca8a82ed41,
12fbf7fdc82328fc,
13602c1dd84b0810,
1369f0112818d48d,
137fa0da832cf39a,
1392df37aecbb878,
139face231a6a5ca,
13a1310b57a45515,
13a57c95db160dfb,
13a9778867e2b177,
13dec63232cbf27c,
140ad84d3ef9ed0b,
14198852bc1a5fb7,
141b73b47ddd1f3b,
1421fb31607c5123,
1426586d3c63f747,
142d45fde6392c14,
14601b72560b44ce,
147322c3f7861963,
1499f9b7193c15fe,
14bff117ad4c9bd5,
14c95cf667fcb833,
14d34cf0135baa6e,
14d80c5f3979c24b,
14e0947f6412bf0a,
14ec8dda255c99ad,
153a93981fa2a51b,
158af3be0cb5c17c,
1593fab57945c546,
15a24e3d9d781c17,
15ca73556389df7e,
15d368bbb994e331,
15d6890b32a3491a,
15d8e28fa134e037,
15e4045d87b5e34c,
15efe59b41f3ccc7,
163409dfa90b4918,
1638d8b30b2a013e,
163ff887c52871d6,
1659601b11744f1b,
168845a16c3ad7b5,
16c93473c8c98b30,
16cea0e8138ab320,
173967d903c6e1fd,
1751ffe68fdbd2d4,
1768c2f469d6e2c9,
17708afd7660980a,
1774705a2d24365b,
178e58b18cd35045,
179a2cd94883d529,
17ab20ba9372dfc0,
17f6edc3f53dae04,
17ff149fb0b4f356,
1813ae28b84caea4,
183f98c58e2c22f3,
185c7b0586965647,
1871e6dbf737bdc9,
1880c4dc32a4665e,
1882a6a85cdd8b30,
188c978dd1f6c289,
18912bd404188282,
189255f6ac4eb66b,
189a6a4d2b3014c8,
18b3cfa8bc2f7b09,
18bd9f5d67c34aa8,
18d53793f7842c2a,
18dd27022c7141b1,
190172ace7746279,
190a44f1e33a86cf,
1927b4d137261408,
192f033e14132062,
193bf72eb8776056,
19715393750c278b,
19989d82a51d3bcd,
19cccbfe8daf8ed4,
19d98d8ee1d735a7,
1a0ba37806171e85,
1a38e93773fee9fb,
1a4ccaed60d695eb,
1a6b433e34bc9a9d,
1a6c830fc871d21a,
1a85c97dc8b3f6a1,
1a8a90676e40da26,
1ab901039c1c7950,
1ac5d385313e414b,
1acade48e30258c8,
1acbab3967fe133b,
1acc40852f90aa76,
1ad9ed5392307687,
1b45268518d29b07,
1b5039c18de0c674,
1b7d7bfb252d66f9,
1b808e977d7299f9,
1b8e376917bc35ce,
1b947bc0edb568b4,
1ba7449285ff620b,
1bb537e6b94b3f45,
1bb6d7110cdfc3e2,
1bbf2e0ac36b9f42,
1bd30eb70d45631b,
1be21d6d633d2fd2,
1c43b2800853a234,
1c52170a4ee28dbb,
1c5bb3ae72e3e504,
1c6ae69790e0b81e,
1c8bb84432130656,
1c998a55d06802fd,
1c9a4401ee709336,
1cdce942c6dc2a9d,
1d06929019c52691,
1d2edb4d479d6a5d,
1d348ea54f14a477,
1d3680ff648085f8,
1d50946bd454ac2e,
1d51d5f0f1cf9f5d,
1d7dde7dc94df6a6,
1d80aca90d37a369,
1d992d99f9029ba5,
1db9948726a4e54c,
1dba741efa983591,
1dbee405b7797d67,
1dcb8e3b09cc48b4,
1dfce34ac940049d,
1e1bb5109fa84944,
1e4e41d0390179b2,
1e5d739d49fa4321,
1e5d990b03a4f231,
1e5e16337b85dbc5,
1e70f33017938358,
1e7990ef09c250d0,
1eb76fad8c66761a,
1ebeda860d3a287f,
1ec94cb9a2575262,
1ec9764d52735fb2,
1efca93753690930,
1f193033ff3bfa6e,
1f40e905a531d54f,
1f4911a0ffc360c1,
1f515ac075c236f6,
1f5f0b704c5daf78,
1f6d185789637715,
1f79719f611f8200,
1fabb54270ed69d4,
1fb2c9fb03cebf17,
1fbe8682aec6fe42,
1fe42fadc6864b4d,
1fe94ce180b093b7,
200eaf17af79b1f3,
201706b4bb7ce8ed,
2037caa0bab5a1b3,
203c8ca385e06dde,
20488aeb2c524b39,
20754dcbca2aaaa0,
208a846e74340ebd,
20a244cbfa552f9a,
20be57c076c9136e,
20c4d87dd513d951,
20d2b2669a88eb37,
2116515a1061933a,
21226439da551c4a,
214a647d9134c161,
214fa42e99015c60,
2151ee0c994c9423,
215900568fcb6f12,
2191c4bb2013b976,
21b4bb9973d1a078,
21f77f7a6a9d8754,
220a586c2501bd4a,
223f5e290fe98fd0,
2272fc2dd41b4394,
22c1ba18e0dc3bae,
22d1bb69d10ac9d2,
22dc0568d4c56907,
22f636ff7d0692ce,
22f8d8a6aa894258,
2309b3bf7fbc766d,
2314a77bf114c865,
2315e66043df20e9,
2356c559dbc775ab,
2358244762f08b64,
2368e0594474eb68,
238ba1e680031526,
238e09e04d7b32cb,
2392253d19b22e63,
2393beca89584d1b,
2394b085e2f8056a,
23c8dd42cd28c09b,
23e9a81fd7666ec8,
2409040a1227d283,
241a5b2b45b0e16a,
243b2b94d769833f,
243c2862de89d302,
244d359e3e06f107,
2458ebca45ff00d1,
24662365e4f67d54,
24743f05ab3fdad2,
247b49ccb394e73e,
2490023d9af20f09,
24b0b8212e12ed3e,
24c56bd787b98ecc,
24f8406f0853c351,
24fa58d4d4921dcc,
25100f6edd324f57,
2510495a022ccc95,
2519f09dbe275482,
2523c2a95443aa2f,
2525474beadeadf3,
253d3173f646bd3b,
254c2b8a4b382c76,
257b07793fdb7c90,
258e073a7f65a0a6,
2599880699093a58,
25a8d6600d2de937,
26143bfda03ce73e,
2631b342138322c9,
263cbadd4561b548,
26515f03bb0b81f2,
266278ebc9732a80,
267e2c2ec8182f3e,
269c7c87fedc13a6,
26ab4b8829cc5a2a,
26ad74e35d3d6dfb,
26b346df2a13f1d4,
26b36adf3d246787,
26daccac09d64a1d,
26e9f1aad2314b64,
2705fef18a6fc02c,
2756f25f1938558d,
275aec040aac67af,
2765541d588e9d97,
2788f05973ca8a3c,
279c0046ee09258d,
27ca5681288973d1,
27e57d3590292262,
280eb4c18e0b9422,
2812bcc200f1412b,
2817aa40a3404fa9,
282156286a536ea0,
2832736591a36cd9,
2832d2e3cd2f1de2,
285481c6e36c45c1,
28681a5c3f618df5,
28714bcc1a53360f,
2881e0ad82aac9f0,
2891229b9d30b4c4,
28989943f1b47b20,
2904d3025a18b639,
291d080cbc815866,
2952a320e5cbd4db,
2956f79c00f1d8f4,
296ac4bb9a572492,
29742b9f303284da,
29ab86a8a17eae1d,
29b1dacefc551213,
29b735dce9d025f4,
29cbff2d4f3d697a,
2a050f0c12b65f65,
2a3756a7d1438abf,
2a43ed0df4e40da6,
2a496895464dbe8e,
2a8658f83ebe2328,
2a9be2b6b9c9d47f,
2ab8833bfea1d55f,
2ada26cfdb707dea,
2adc963a2a9727a0,
2af70bfa910763a3,
2afe4988ccd3f730,
2b297137d6d37701,
2b373f6d6c2bcb07,
2b422337f4b4d937,
2ba15d167da0458b,
2bd1bc42a31397d5,
2bdb1a2b76e57115,
2bf43d03514feb47,
2c03b0813138af83,
2c771c8fae1ba961,
2c8b14f45b407f78,
2c8b45f2981a2119,
2c9888b449c53d1c,
2ca0a89cc4bd6b4c,
2cab10f1deae738e,
2cbbb185120ce2e0,
2ccd3eca7d2817b7,
2d075b49d57a56c7,
2d19c404e5f61205,
2d2e3fe1fec169d9,
2d4612a5829c3a7b,
2d6585b040a243d1,
2d8895f44940baa7,
2da2aad7719bde7b,
2da2fc72f3155387,
2db1cf2410df3445,
2dc695383a0129c9,
2dde09efb7f999d7,
2e12621278ce1935,
2e1d4e9d1aa963eb,
2e4152b8a4893715,
2e51d14abe1a4fd9,
2e75bf13e029c0a9,
2e801370669382a0,
2e874119ae337439,
2e9ca801a8c8d1d6,
2eb1f0e9324e6e03,
2eff56812f2f078e,
2f268cff0d675d95,
2f29b53e9676bf18,
2f390042292ddaf0,
2f4532160cabe0b9,
2f531d35736c0386,
2f5e8fa28c38b23f,
2f6b05381ede0836,
2f845332f59e225a,
2f8f87040c080372,
2f9028f0459b7cf8,
2fa130609266f33c,
2fa16fe7ed0b6e97,
2fd9d5a3916d42d3,
2fdedea275ad1ff7,
2fdf5f8a6af6aee6,
2fe76715340d6607,
2fea1eae8a874099,
300d1c4ca6595628,
300dd34e64d9da12,
30244a22417db7cb,
3031e41908c9aedd,
303240d88b015d02,
30453465d86d512d,
3052e90cd0d9deaa,
306c85f9047ec8d9,
30a664ef38905cc1,
30ca0601c56012f9,
30eba77fb758560e,
30ed2ed6b5b58c2a,
30f7f943cd13cadc,
30fa084ccfce6eef,
30fca194bbbf8e09,
310baa9589187970,
312899f2c122e94e,
313f7f0ec1b28505,
3157cbb043f66985,
315cd62bf5044ed2,
316209cfc3ed8d2f,
316fa3f17b5d5675,
31714e371efb0ada,
318390bc227187f5,
31cae0b336906cc4,
31d353c07abbb39c,
31dc25167c071e7f,
31e1538e805f11f8,
31e4d91f308aad9a,
322373ff9187b892,
3226133d8f839824,
32350302aebce029,
3236448acc2c94de,
3240aa956fe149a9,
324fec55bf36d535,
325a23a80557c0f1,
32734c4172acc83e,
32864b66c1db5043,
3288b3bcb32724b4,
32b8475aa0122549,
32bdb23799758ad2,
32c39eef75d596a3,
3301f21279dd0302,
331c07b33ca74a18,
331f896502673b42,
33516a0fd6bbed4c,
336bf1628c3dcefb,
3373014a56fb3675,
337bad494e81ae58,
33b3c8e82347cbb4,
33c667f4a3404d9a,
33d46c16b81fae9d,
33dc33929cac108e,
33fa323637b9f761,
340a4e360ac91d35,
343ca3d3a7ae4072,
3444606b071da357,
34555085897bf79a,
34634c002d20b79f,
347866ba1a932f12,
347fa252db2e49dc,
34899312d04641fc,
349747686e42e189,
34a282f9b1d637ab,
34b764fa9eff8b54,
34beb54a03e1542f,
34e3e556cbeb2851,
34f829fdc151bb6c,
3500b69d93af20f6,
35131e3f1dc21609,
351a98b0751ba7e9,
352bbf4bea28a956,
35323a14ead5dd50,
353606f1d5773b62,
3551ff70a2ee733b,
3555e0b5147e713b,
3556a36795e097f5,
355e7c8aac6fb4aa,
356175c28f0dc3da,
359e1bbe09dc01b1,
359fab2e1b0ab5e1,
35b324cdf7cc7545,
35c5ff3feb2eb136,
35dd73681edc9676,
35f6953c2aec900d,
362620646694ac92,
363be138e3a257e7,
365be7920c4f2ea7,
3676bb8e313dd68a,
3680db692af79a39,
36bf8f9173392c5e,
36d2071e10cb39dd,
36fe5d4564fe558d,
370c3e8dcc342b29,
3712b51ef57adc2a,
3716e8239efd2f4b,
3718ddbad5ac13a7,
3726abe102190f87,
373c12dc3692758d,
37516d8801aa3a04,
375642f60cee4d07,
3759d6b90bf34c95,
376515c62a2886bb,
37712442fd22f513,
3794927be5fc4cc5,
37adbf12f411fd8e,
37b1af0f0f6e895c,
37c82057b470479d,
37e3e12b4a719483,
37e50579da46d5f0,
37eb702b97571981,
37fdf49ea16f16e1,
3801b930921dc960,
3810e4ae0cf975ae,
383001361fa84258,
384a7dd0ac4b2c5d,
385c313795ef38c6,
386f6832464a9378,
38cc1d79d64ad7c4,
38cf2b91bf2f8bb2,
38d2bf0ddbb4a9c9,
38ea3e4d2ca0ce14,
38ec098e55075d2c,
38f5e0213eba518d,
38ffbaa31ea6382e,
390b2f6090184c0e,
3916918a2655370d,
3933c983cdeacb6a,
393da2ebe6a3d39f,
39581c23ebf06aec,
3971b17ab0a1d5d3,
39832365c6edea3e,
399f45d242ce269d,
39a4376f79341294,
39a43deaefe41d9e,
39b186178878e522,
39c1273d1b789740,
39c97e8c3e07a970,
39d0ef2f43386f4a,
39ede02536a8213e,
39f86d2ca4e89421,
39ff9fb46b372d63,
3a03b5fe24e6b758,
3a07aeae5ede06aa,
3a144769653b13e6,
3a1fb66b5368d70c,
3a34b4309c50ecb9,
3a3b4dfd12bec59a,
3a42ed4399e077c6,
3a4a2b89a472ec20,
3a89c035950c4fac,
3a8e6f310e632112,
3a92684c78d0668b,
3a94a1c9751985aa,
3aaaafd297856a26,
3ab46c76cfc86c61,
3ada19450d30bf1a,
3ade1958dd5f3d5d,
3ae10eb8458044c3,
3afc8a87c5381ed8,
3b03e1b246075800,
3b4d9c52b698f7eb,
3b9fbbbc821ed2f9,
3bb870ca51fd0481,
3bc5276de0cac59c,
3bdb5db78016c4ac,
3bdfde1fba1adf24,
3bf095b0b225c9f1,
3bfac20add3537c6,
3c125f1fe774192a,
3c1549906937230b,
3c24c8aa316e31b5,
3c304b23e893dd7d,
3c896b0d109260de,
3ca7c70c55578054,
3cb0238602d49691,
3cbd9e83ff41a46e,
3ccf70b7d0e93b16,
3ccf804e1b93f38e,
3cde492e511e14de,
3ce98a5c8cf4d6be,
3cea002e06d4a8bb,
3cf69d787241e31a,
3d000efde969c991,
3d0bcc103877eaf6,
3d11debe61f7d9a0,
3d1536cadc542512,
3d2ac4cc4748a1d4,
3d2df39d02d96e96,
3d32cc4160365b0f,
3d3ad4b34993ce5c,
3d3c56354c04b464,
3d7170eb22a4f1b1,
3d80a645dacb1545,
3db35b1680cd83a4,
3db5c2788766b046,
3dc0dce4ff2262e2,
3de53e96412dcca1,
3dec262bc77f3c8f,
3df8499a09d5f86a,
3e17b829d0c0d4d7,
3e2374d0bf975a40,
3e28cfe1538e20ce,
3e2a2de47f42c801,
3e31b9b14a9080cb,
3e6a85845a34925f,
3e76f8a3f1defa1c,
3e9dccdb9618cf8c,
3ea60b9ad677687c,
3eaa24f1b5d2d037,
3ed6f89260b7300f,
3ee282b86637f584,
3ef937177fe6a448,
3efe84af55458358,
3f14af9e1a48e158,
3f15af3d75841dda,
3f434b2d1539ccf5,
3f566e5a17f96465,
3f5dc49f7c96dd4e,
3f7212598c6dcf4f,
3f75c2e3ee148874,
3fc064dedeab4ec4,
3ff57d8f077098dc,
400021f8b3ee85bd,
400ff1c724b06457,
40134241cef4a7c5,
4019c0a0daea7f06,
401ac473831c6c75,
406c706f6059ddec,
4090a08f399153ba,
40c70d373d25fc4e,
40e39dd0b2d618aa,
40f7e24baee44e74,
410f7c90f30448c4,
41150b7c2661d268,
4118d3ed4ad3e6ed,
41223772c4e616aa,
412c7e83069c02d0,
413269bd2a9b8d24,
413a714abfef44fd,
41774553465d5e41,
419eb8925fc0d469,
41a1049dd05e76c6,
41b405597a1bc54f,
41e4fd729ca5a75c,
41eb0437c0198e3f,
4215ce52d72b08b2,
421653dcbe2bf0bf,
4216de25cc23e263,
422918a64c311137,
423a9205ea6b7438,
4242db4d267fa5e3,
4244217b56cfe495,
42603ea79ee46849,
428b1a6ec86ecbb1,
428e5757ffb0e8c6,
429a685e86aae415,
42ac91264a5240a2,
42b46af5ee9188ec,
42bf58ca395566dc,
42ca45352f2aee8c,
42d2d168fe26852c,
42d6b312dc8561d1,
42df520ce6d1f986,
42ef1c64a9a621da,
42f31ca809525317,
431dd2eed50370f0,
432731b96e7276e6,
4334bc0e81313f00,
437f40bbe24c2e89,
439df686b31f0d96,
439f72a572f592ce,
43abc99dbea7a37d,
43b602fd2f7abc06,
43ba07ec57f34e35,
43d1f2ef41435663,
43d50611e044bf97,
43d6b284e9d89077,
43ee95840053e72b,
43f11f0c5245ccb9,
4434d93b3bc3f37c,
44a0e6cbec00b115,
44bd5056b637cae9,
44db33edab62fbab,
44defdb2afcae4ef,
45225ac05013b589,
45644c5f69833c37,
45661d44e23bb971,
4569ca304e753224,
457d4a0ed1647ebb,
45b01204890aaa9f,
45c285f8ad929ca3,
45de254f40624074,
45df38749ff140b1,
45ebed46196bd020,
45fa31f65f2a2944,
460514dacc97977a,
460c262b1f133ea8,
4646912c6e65852c,
464aebcdc7a511a3,
4672477f4f79c991,
46a519da48d337c4,
46db6a2450693c8c,
4714c0c22405e146,
4731c336a26fc2a3,
4763356ff7e91f4d,
47859aea477544cc,
47a28c996b7d5cfb,
47a4bf47e8bb268e,
47bd087b0ab5e379,
47dbf77eaec1588e,
483cfcc7999d1a67,
487e5089e9312270,
4898600be34a5409,
48c2ff42a5acdd40,
48c78b46fc51667f,
48f4d2738d67f441,
48f68fe8ddb4e653,
48ff40c462016751,
493fbf4007a085bd,
4941fc8a3ad4d170,
4946ba20df6387c3,
495e61f3b6811fed,
4975946718f4341d,
497d01331082d1ce,
49982948c43a8b1e,
499f97ce062b8401,
49a175ac286f0d1d,
49a83b8378418462,
49d4e98e84de90bc,
49dd1508dcbd845f,
49f61af18785ab63,
49f623a7a8bade8a,
49fffebb6cdd3e04,
4a05fd8e52020030,
4a3725a6d1fd301a,
4a5c0fdccb780a93,
4a75263a5c0aae97,
4a78c5718d0a20a6,
4a8b25f0c83e9553,
4a91771573a6db60,
4a95e985c76bdec9,
4ab19076c61c7785,
4ac497ec9f77c4f1,
4ad38e5dfd6e62c3,
4af7e06e863b4b6d,
4b045267f0b0c294,
4b192ceb883d2e03,
4b3c0cc0b4bfce02,
4b54a13e083dc3ad,
4b6c7bb68f3662f3,
4b8918a0e504f3bc,
4b8ad56dea905d59,
4bcd83990fac17ac,
4be5faa572b517d9,
4bf62cd7cf0241aa,
4c10a373b86541e8,
4c4c5c84144a71a5,
4c52481a31c987d0,
4c527ee1ca7e7f78,
4c5c08dac0867fc0,
4c60e814e1c0ef6d,
4c6a042c20a41031,
4c7a2c87c730c0ed,
4c87599326d95513,
4cbc26acfcdf9d70,
4cbf05f14d18acf5,
4cc9bb830ad3f0ba,
4ccb3b9e10aff46e,
4d174e1756517d74,
4d24590bdfe964a3,
4d44a64893f6244d,
4d4a6bebb33753b1,
4d4c9c3412d9640a,
4d5a1d084aab67c7,
4d66f6c45b684044,
4d737b9cbca9c0da,
4d849dd0fb93f5eb,
4d911ab3cc428113,
4d92319d672c1b09,
4da0cc4c06b46e9b,
4dd63245e72eebb4,
4df27aba5463f1f1,
4e08e95965408272,
4e1aef21f04e0667,
4e25524ea7ca74b8,
4e3f581fb63a87c9,
4e462fe22a88b7c9,
4e55c551b7b12ada,
4e8fed562874c87e,
4ea32ed3b64f8f08,
4ea747633364c862,
4f0a409455283a0d,
4f103cf21e625944,
4f104d17252a22e0,
4f32454e14191150,
4f48d6bc2d3af344,
4f6948c4a4a2a99b,
4f6f43781049cca1,
4f8f8fa12f2dc565,
4f96210f03a0dcec,
4f9a29166bd50a68,
4fd1a323774b74fb,
4fd92755b3219628,
4fe11ac080fe96a8,
4fe3e355229869c5,
4ff12c294cf96e18,
4ffec7780495c9b5,
500a7f7082201785,
5010da133298a43e,
5012a0f3974a8eef,
501a67c0c3389a64,
504db24370d444e1,
50516a19a66ac90d,
50825263da9eac47,
509d0d18ae93fea2,
50b0970242f195cf,
50f90945c7f2bb88,
50fadca3c7e78c9a,
5112f3e59216597d,
5135cb9b3f421377,
517c7d133161b904,
517f4fd10ed97026,
51821ecfcdf37903,
5194650d110dd515,
51a38c84b06ce5b4,
51f114f8691405f5,
51fb72555ffea2e7,
51fbb26acbb2938f,
521af01efa605d08,
52229507f1bd08af,
522b85761d505803,
524978c909c96a3d,
526639738ed74d25,
5288c28125ea4f89,
528955098522d34b,
529f09adc05ce037,
52ae5aa33b702d3f,
52bac8d596006d60,
52cab6e3e56b7f96,
52d0f39bd7119c83,
52f8b45f084a0482,
53042ceadbc7b718,
5305efa0ba1cbdab,
530ebf83c6a4c12b,
531e2cefadc3de08,
53321f5c92d6d29c,
5369c7e6f41f6ad9,
537007d712fc6931,
5388575d3ad04aac,
539579ee7d9cc64b,
539c33656e66616d,
53a57c4c5c00eae4,
53a713a92c73bab7,
53affe4271d7e00c,
53daa32509c40227,
53f17b244af73110,
5444f69cac580840,
546d9b8454b3afa9,
547ae79dcb369709,
54901d809ad48792,
54d7f8b427cee486,
54dc79dd80926763,
54e44d55a4e35d22,
5515e549f145f34d,
5557778fd93e1656,
5565e4d946df02d5,
5572b39c5bcb124d,
5582699673ff4648,
55860ab1eb873bd1,
5599dfebab245c2e,
55c283b7feb984cb,
55caa39c494d47b2,
55df7a83d2f0c0d0,
55e2881a9b050627,
55f206bd126d55e9,
560ce92e32f6c0d3,
560ebc5224b29446,
5616a1dec7f23a4b,
5620a71fffa45e4c,
563141e258b22389,
56446a21109c601c,
564a65d6644baa6b,
567bfd09aa3ea1ab,
567cbf5fe1497ee1,
56838fe76b257b04,
569c05e106527837,
56a8a6edde03bb05,
56d2a0c04842dff1,
5739e75a866fa160,
576155b32cc0282c,
578befdd469ed3d1,
57bddd8e7b5bca33,
57cfbdd014519564,
58000fa626a1ae24,
581f76fe0342ce04,
582bb9e3b33de92d,
5832daf60149f18f,
583e7e23259f3740,
5850ce0640a1c4ac,
58556dcbe931b16c,
58b55778ec013758,
58d812d0eb628ed1,
58ef7b0d654453c9,
58fc46eaa5b31609,
58fd8a24d2cd1edc,
5900db047f0c58ae,
5920514c97491a25,
592217c791575859,
597c4a6ff5404245,
599ce68d421d2d27,
59cdfab429ab9027,
59e1f237524524f2,
59e92034eeb234c0,
59f013b3c1826b2c,
5a03dbce675436b4,
5a122a9645afad64,
5a1e8faafd3d3cb8,
5a360ae52ee00333,
5a37bac6136dfdc1,
5a439573ccd70a96,
5a57f4dae11f18d5,
5a59fa9affa5b557,
5a6c26de38d9e0d9,
5a76f7af73c0e52f,
5a79e12b2b95d779,
5a93a431f10b3a6b,
5a97ab8597f84217,
5a9cc6bedf50e892,
5ac98c8114a63993,
5adce77697f81a5a,
5af1bf094eb625d7,
5b0c0887f7474ece,
5b17599469ddb474,
5b246f19de8789e7,
5b2a5bb72757bc51,
5b3de8b7f7feb640,
5b74d0a42fafe19e,
5b84ffb40f4da9ed,
5b8b85d22f70283e,
5b9c07960c9f18f5,
5bc57918e1572f5f,
5bd2fd216dac1bb9,
5bf3bf0783625a9d,
5c1ec0777e588b6d,
5c436653fa7cf478,
5c522037b1810c64,
5c596aa8e8b554a7,
5c5b6fc18c096320,
5c9a4e55ee989779,
5c9f6fe1ad82bd39,
5cb6ad5dd99b5bf4,
5cbae10feb727777,
5cc21d0d04e858a1,
5ccaee856bc1340f,
5cf3202f30e13a2b,
5d239cdc8327519c,
5d4b0c814c8b98d6,
5d74ba714b065e3a,
5d778edcf3564010,
5d8f2fb45931a2a1,
5db65c6d1adfdf71,
5df7a16a4f33632a,
5e02ca32c86149ef,
5e17d72acc0b2106,
5e23217506762adf,
5e2a93249d5aa6ba,
5e3414ed3ecca12e,
5e431e335821792a,
5e44c40814124bf4,
5e52ba936ab24176,
5e62f59e211df20b,
5e63a25a8968f342,
5e6aae53c29e8d00,
5e8ac64ae715cf93,
5ea3b49508792d5a,
5eba163f304ef235,
5ed34487f56a8adf,
5edd17ca44bb7436,
5f026f4384ae2c98,
5f08dbe858d5faab,
5f0e93a989259358,
5f16692b05407cfb,
5f2ea6fb8d52e684,
5f3aa125a30e592d,
5f9111750ae7275b,
5fabd01eab041430,
5fc2b023b04011dd,
5fc406323450d2b5,
5fcc79afdd036b43,
5fd8ab4f9f1ef66f,
5ffe2642f8e08a54,
601f399683364974,
602cf5e4c858c1df,
60485cee87565199,
6073cabd123d455e,
6089f90486c799ce,
60db92638bccb3d3,
60e2fa869c4030a9,
60ee7fa89eb0e7c4,
611e54a4517a1e6b,
612abd701cfe6989,
612de73a8b066743,
6133329c9e006469,
613833fd595ac750,
613ee74ac4a149c1,
615ad5ca9882f48a,
617c352b7b10cd15,
6182788d40c31a7b,
6183895e9bd41629,
61863ae3ff154ede,
61a1eca1d22221c7,
620f0e50c1ac99e4,
620f2935b7fc5147,
6213ffe29d8b0940,
625d68e4c9ef1738,
62614cdc8c1b98a3,
6280bf24ef66232f,
629a6e2ffc8e71ef,
629f1136855daad8,
62af8efc5027164d,
62cd1174ab6e494b,
62d6bf7050ba702a,
62d895757bac922d,
62ddf95f2515b686,
62e8ca62b868906f,
62fb2467c5792ea2,
63067a73cd1581f7,
631d1aa37db012fc,
6322a0957a038794,
632bbb4935507c24,
634c2b00378815d7,
635a1bb64e19a16e,
63b2d20ee974ce7d,
63c78e517f42a563,
63cbe0b4d78616da,
63eca827b6229baa,
641e8d2d178f8733,
644bb025ed23db4a,
6455b1fd39746bb0,
64590a69f5eb8ff5,
645d488046fb0953,
6461f5e82b01c29e,
648c0debe25f10a9,
64ac69b046ac67c6,
64bd765a240ba82e,
64c1e2109b117d95,
64c7fcbae9897105,
64ca901b63cc425d,
64cf1193122e8d51,
64e1c9042176d4bd,
64f992b162a3dbf5,
64ffbc5950c81614,
6508b86ba75b39cd,
65180892dd3070f9,
651c220d4eb904f1,
65295b4fc1acbd32,
655161bb8b319e2d,
655eaf5282b82eba,
65aad3157b784886,
65ab2007cdcfef31,
65b1e413c44e7b26,
65b987b1bc440909,
65bb4fea5fa985c8,
65bc63a3c3364587,
65dcc07cfe2bd123,
65dd4db4133a9323,
65e7d543ae75d2a9,
65f0393329a85813,
6605f9bf0ab55151,
661d46e1cb848d27,
662930b91d762a26,
664616e2bf09a3fa,
665159fd14ad68e7,
665e0d926f1742dd,
66ae652d1be2e614,
66d9d2f37b7f6313,
66dc37b18a93dd95,
66ea58dac2397a77,
66eac6077bf14499,
66f2ffcce1a8e2ad,
66f3371c542189f9,
66f94734f04eb446,
6701e7dddeb8a394,
670e484e9f4d4000,
6716939403d5d537,
671c017c113ed2e9,
6749dd9bf2164603,
675ec11802dc1026,
6761a2cd31647967,
677c7cf686af530d,
67807fe1f671eabb,
678489309101aeb5,
678761a8bab82e3a,
67896c900b83ffb3,
679397560393895d,
67d76c2a670fb2ff,
67e53371d1aab020,
6815a901268aec4a,
683e9079dceb7597,
687f6706ccb05bb1,
6882802902a4b0b0,
6902bd90f7925b17,
6907ef73063af3bf,
690a1455cbef3ac7,
692f5fbc5af19381,
693cd289b8190b01,
69485f61805cb479,
694eb9097cbfa500,
695137b28127f5f9,
69568bbf93792ef5,
6958c82413f93f2a,
6963bcf944fed731,
696d128d2b17b1ff,
69a2ad28986dec6f,
69c0fc3f4d15ae28,
69d1607a8cfcfdc7,
69d4c2ac00b5546d,
6a2178492ae3f448,
6a21a6b8d822a49c,
6a278806d9edb550,
6a3f256a05b43f58,
6a507c93cc6d1b9c,
6a5ad8fb8d0862e5,
6a60ec4ee148197a,
6a67d7651d3acf7c,
6a91bf5b468acf65,
6aa1e9befa8af3f8,
6ab081d4f725e0c1,
6ac06f58ad30eebf,
6ac21540e4f698a9,
6ae1b41324978396,
6af2e2f88ffb0827,
6afc9c48f64f557a,
6afce184f83e7c53,
6b278b64c9987584,
6b61738e3fddd474,
6b64b79da9ca53cf,
6b7cdc2ae2af22c6,
6b8d607e51d466e7,
6b931d022eea7a83,
6b97609e92f28085,
6bbcdc844bef7ca1,
6bc1ea9f1bb5a5a9,
6bebfef8aeb7eefb,
6bf48c4cc2abc68a,
6c029f9f6e4a5fd5,
6c16ee07680d3ec1,
6c1799f040569123,
6c3ae76a8e16d37e,
6c554d7ef12f1848,
6c594994c0abd99e,
6c6bdfa695f42769,
6c8146c92c8fd1d0,
6c8ea1ad3eaa9fb0,
6cba85f674c6c313,
6cd708c657cee720,
6cdfbe5a3d5598fe,
6d00b319b619bdeb,
6d01ec94ac4d6321,
6d080120cf027e41,
6d1bd13a90451337,
6d31a57776ef3b85,
6d4d2d28e4ad8efb,
6d64ca9d260d0e88,
6d6b20bac9795553,
6da76ee77938154c,
6dbf53b800d13d79,
6ddaac48bc82e391,
6df2968d5e8cbe52,
6df82d49aa5e4ad6,
6e043cad995d77a5,
6e099ec74b264327,
6e0c1bd07dc70667,
6e166c408113c4fa,
6e1a1f448fd6069d,
6e2240b3771c38fd,
6e3255beff4db5e0,
6e57d0320c496875,
6e868f555d1270ea,
6e87683611244cc9,
6ea858ff1f7c64cc,
6eb06214ff4ff773,
6eda77a3cf6d99c9,
6ef9144eeb0d2b9c,
6f4d8b6a3d7e0530,
6f6e825853bbccad,
6f731c3632b24e32,
6f7bf8fe2ab25c76,
6f899f669b30025a,
6fb00eb1065318ee,
6fb22ebb93ebc4c7,
6fffd2c187a19ea0,
7006f73f954741e4,
70216fd8dfbff589,
702feb30451f4397,
703c024ce39b3058,
703f0af0c3728d05,
704334c0d59cc0c5,
704a0941d5ab7480,
705f26547d6910cf,
7078a48c5fd337d7,
708be8eccb7020bc,
709831c64261d2d2,
70c23d215dfd6278,
70e2020569579170,
70e2937c22e4c688,
70e30ffd06fdc618,
70ee60fe819b7b39,
70ef31ca6cc32d74,
70f2d52f0cd45052,
714c8eb65eb87600,
7159569f2db8b406,
716223c4a1022678,
717c6b7e61bc15da,
71ae4ddad682410c,
71cf1a6fc7a7db74,
71e9bab19b390296,
7217f45b5221fb82,
7217fe341e33a886,
72200a069c91ebe3,
724ac51e72302f03,
725a6d2df73c9fad,
725a7a6c550b6b4d,
7269f4f377c981bc,
726c12fa80b29c10,
7279d88e4f7b5285,
727bd344df12a6f9,
728c4fde2111b905,
72b6c641287bef62,
72e0c6ab4fff533f,
73032c8b3c97c51d,
731488a64ffc8e17,
7325b402367cd20c,
733705950a0bb390,
7339e4db156bb8c0,
736d62f821f46def,
7377c5ee3036ce25,
73a10f3698c3a8ab,
73ae26dba667beaa,
73baa2456a01c95e,
73d4659e125ce2ef,
7404c6d037cef4ad,
741228db7fd25222,
7413bb8d1667d6b7,
744124c60df88f4f,
744d20849b7fb5fa,
74657459a490156e,
74732de0173c8aa6,
748d2982f6ebb7a0,
74998ba9b3125ed5,
74a72a8447dd2dd5,
74bc9fd22f411545,
74d688c1a1fbac72,
74d90dac0cc8b917,
74ee88eaaf79a86f,
74fe64a3a1e6563a,
751a7d9bda21a7f9,
754038dbd3bc2a74,
75631dc4f0010065,
7566046dc5441df5,
758f376f9f09e011,
759255c4afb707d9,
75b66fb0a7d6cba8,
75b7f4d50a815c0b,
75d38a00f38eb6c7,
75d9f0664dee9a7f,
75e7f987b20610e4,
76200894af149b79,
76210a9441a658d3,
76411d2623694db0,
7646cdcb55032602,
765eed8286efc1dd,
768cb7fe88e61481,
769027806a361cf2,
769281805bcfd7f3,
76dc373d7c6b94c7,
76fe33eb6844de66,
77115bb2a06525a1,
77185721f5a49b01,
772ae9ac5b53effd,
77310abf7b4fffc8,
7741a64c9c9e7a71,
7744e4bdb10ed8b8,
7756c78d2ed9af18,
775c48fa464d5763,
779e4b4b8f31aaf9,
77a1ccb7d5125c15,
77a4c6a3dd6612fc,
77d364829d7d94b4,
77e908968cddf38a,
77ffdcf43f1baa23,
78124e7bb5666488,
781f87e2ec698df4,
786d626c8b2687af,
788c31287e3f34f5,
788db77e0729a8b3,
78b0467fcfec895f,
78d964e0073fba3a,
78daf8c190749b64,
78eb9ca87d11db83,
7923803fdb32b0ca,
793c4b0b0b6b1d89,
79422cf0142a14a8,
796602c2c742d794,
797584fc9d94afef,
79c190a1914b606e,
79df1933cabdd2c3,
7a61055594f9f2c0,
7aa4332642d9a1bd,
7abf7e09378f133a,
7ae8e7479e324028,
7af1b33f75ea9ad0,
7af4837fb8792da7,
7afebcadc4086cc8,
7b05883d4cc3accb,
7b3609ae5923bb9e,
7b4b1f61a0dc9ed9,
7b5ad602c826fb94,
7ba07f21ede900b6,
7ba3cf124eede028,
7bd15aabf3b4a410,
7be3da31bafcddd2,
7c215170b3775516,
7c25980d63f95c3c,
7c282855927f4652,
7c3345b185b29f53,
7c3849f8f5ffdcf5,
7c38730b2ee80c4d,
7c48a7db3ef65821,
7c5cd30e300c16a7,
7c77b03e6a0e29cb,
7c971bd3c23a45f1,
7ca1b5ba687e50c5,
7cba686bd319fbf5,
7cbe022195bf37e6,
7cce88697a223026,
7ce8dab4e0374177,
7cea28e50e1a7bc3,
7cf036cad48fb896,
7cf280d96373b3b4,
7d01ff212b278a38,
7d0ef891a1aa99f8,
7d0fc8a8999dac6d,
7d159a232504929b,
7d188f17fb9b3417,
7d1fa86ed9672752,
7d457b7b4ca7a9d2,
7d74c3637e234ac8,
7d7c3624c6bf861a,
7d7f46b7094b7bdd,
7d959b519f00e92d,
7dc98b0e98b5c47f,
7ddfbccfb33c3042,
7df496fce534dbd2,
7e048f798973cad9,
7e0ee3da381e3d81,
7e2438188ddfcc39,
7e25da6152325b9d,
7e279ca401a06c48,
7e4b8e3d50463139,
7e4f0e8d2c9f2b39,
7e5efe6c297ac8d3,
7e602f91f6d3abf3,
7e667422eee48c4f,
7e9970f83188a0aa,
7eac90025d8ca6c8,
7ed706b3b1987707,
7edcf15774e8cfee,
7efb3c6758319ea7,
7efd89cd2bb25791,
7f170410e9415989,
7f3311659138e1c1,
7f59022744f62439,
7f5feb9e5bbd5a25,
7f740c90c32754cf,
7f785fd6767fabaf,
7f971636d96ea5b2,
7fa8ce8f676e3ac8,
7fd1ede235c7dc67,
7fe3ea2c3a8a1288,
8018b3d0c448cbef,
803ccf2093eb2e7d,
807be10ddb1f270d,
80a7f8d21dea4499,
80aa76a0f54597d9,
80b2d9f2538a3ec1,
80bfe4d102935090,
80c4f99aff94f271,
80c584882734e3df,
80d0d1d8b5ac175f,
80d714baa11e335f,
80d9850f9a306ba2,
80da0ba74439ad01,
80ec11b7b63316c0,
80efcc05aae649d1,
80fdf8d58618c246,
81072e2e238989ea,
81200333a906487d,
8140b5454bee9daf,
817a1bf76cd8d4d1,
8191df264ba631ef,
819b42301ddfad7d,
819ca99efed481c6,
81a60abd47a24fe9,
81dfc09159a18109,
81eaabc4ace9d9df,
81eaeb616da006c2,
8246eb5da11bf458,
824ae1b1e415cfc1,
826994169f19b062,
8269d9271ff6bbf8,
8273cdbce2722cb8,
8274f3c7e49630fd,
8287c3239131e199,
828c581b6cf769a6,
829a6c494ea4881a,
82d5fa21820c0957,
82fcb31799e393fd,
8307bc8b147a973c,
831191810b26dcf8,
831e6f930154f52a,
8321bb6e7a7cc103,
8342a0fe3db5cbfc,
834941b9e8b3f455,
835286fa88bde21b,
835cbdd0df4a8303,
835e2e56287c1c3d,
8360c69f244be9a7,
83721cb04c9dfada,
8378a88edd195dea,
837cac0f7f876fc9,
8390dc1d73fd3a6c,
83e550ea92df1eb7,
83ea51844e125729,
83f9ccf8714e3478,
8412f8a036a5d120,
842419e9db6c6e2a,
844322d1743781ec,
845d51149dd90a37,
8472b9455bde4ca7,
8476ea4074613508,
84839ac608258e5b,
848b46e7eadcda59,
849e6b9be3de6e6b,
84be4e9f8d70743a,
84d5a6e98ab1d2a9,
84d8059c6e8b46c0,
84d9703d7dcf3795,
84e4e352b1ecc95a,
84efae2394c51e73,
84f8bf08fbf71034,
84fdac33362623aa,
851c00104fc3975b,
8523f1e6cd361722,
853555effe0e828e,
8538d5326f92f9fb,
855386eef898a88d,
858c0cf7542061cf,
8590009f2bf25f26,
85e31927fc3d77d2,
85e6ebf39174feb6,
85f897c0d93188ed,
8602c87ba7fe20a6,
866bcde858c575a8,
8689d49a686f5a4e,
869120701283e218,
869ba926961826c5,
86b7545dcd7ff9be,
86c272ec7065c945,
86cd9106fc84c37f,
86e35ba57b0e8d14,
86f3e8db908e8232,
8701e94ce30b3b69,
870cf5be0f5c5e8a,
871293af5c9b7c6a,
8735bfcb538edebe,
8745c7a4eb17739b,
877034a9d618e17e,
87e09475ee6fe136,
87e1fe72fc840fae,
87ee323e013aec1c,
87f27ac9053ee8ee,
87fd62b41d9de806,
8831de3187848f80,
886e69e884df8a1e,
88a55a12bfbbd76f,
88acd902e38b03d8,
88da126138cfc63d,
88eba636ddc5039a,
88f7d826f7a0c46c,
88faaa8fa81afc55,
89097a73a54647c3,
8919df79de84c4ca,
891fa67acdf3fe36,
8930ddee268ef2f8,
89754891eeed756d,
8979f2734e1e5f33,
89808236ae74a9ae,
8998b8b97ddd0e98,
89b1d9fcf75f0b25,
89c63c0ed88a3994,
89f45b04fd0c3761,
8a0e562191b3897d,
8a1efa36d38cae8c,
8a1f1ba85cfa9b25,
8a566adec005a53c,
8a57f88d3ba5009f,
8a6e780303a88d00,
8a861bfa8da8982b,
8a88b1aaa38de1ed,
8aac3799565a618e,
8ab4514ad31bdaf8,
8ab8748d2c2c8f0e,
8abd2f75727100bf,
8abd40e4b295d37a,
8afb9419648aeb46,
8afff649a10f8414,
8b12f607bde6b57a,
8b1d81c8c5ce0bad,
8b3fb62a02130413,
8b4531023932bc3c,
8b4c6c4573bfbd7e,
8b8398aefc903ff9,
8b9b9b4c6081ec2d,
8ba16566c726fba5,
8bac0d3077a9d52a,
8bb989f0a277b168,
8bbd5f754f92b85a,
8be27ee11a757295,
8bff05fa512592ab,
8c150e1b9ab55386,
8c16c709f360997e,
8c2428d99bc0dbec,
8c3840c13afbdd53,
8c5aa3ca0148d57c,
8c677e1524b7fca6,
8c6cd9b18d05759e,
8c74e68ee1fb0478,
8c80b22165511aeb,
8c8a2f029d33ccb7,
8c957dd1d73464ad,
8c9726284de457fe,
8ca1a6d9d57e1dae,
8cc4f587b1e363ab,
8cc84bf7695923ba,
8ce62ae174379f7f,
8cf431a1ea0be8b2,
8d0b31c1d9047aab,
8d2f120086055863,
8d394215fab25a2e,
8d5feba88c997751,
8d81e96bdabb26bc,
8d9d3bcf007601e1,
8db50dbabefeaa4a,
8debaae2ef1193c6,
8e1b747608e8c7fd,
8e1e616d3d7057cd,
8e25f6db84e9fc2a,
8e349f6784814d37,
8e846b8d6505389a,
8e92dd346648529b,
8ea2a8105f7cf2a6,
8edaa85afc5122e3,
8f06b90c1c5e79f4,
8f0beb56c8ab76fd,
8f11fa71b5554873,
8f2d2c8ab97cea26,
8f307c4c9f0ec2f8,
8f3f94833819335f,
8f4212c831172d23,
8f52139b50af855e,
8f5e280a8ab3aea0,
8f6874c8bbaa84f6,
8f81cb3077ef9b8f,
8fafa89aa70b3765,
904084f310b0a554,
904688c0c9565777,
904d844d72813bf9,
90806750c7bbbd88,
90813ba35984688a,
9084502c3c990164,
90a7dd21330c2dfb,
90b93f994e36feea,
90ca3b055765dc7f,
90cc902d36df636d,
90dad95da5b3c7da,
91186c812152e9c9,
9147ca79ef091544,
91510306bd6f8755,
9151a70eb7f580c2,
91696f599432f6eb,
9186e96654f6b718,
91965541dbf78c77,
91a228f13fbe8d86,
91b57d56a8d4444a,
91c8b539243abca8,
91e4f3753956b045,
91ea71ebe0d8aa31,
91eba90ad9809ef7,
91f3d24e48d63b71,
9209f9a110c7bf27,
924db16ad1e8f527,
92512354bbfb5efa,
926537e760edd3bf,
926cfb9b8f9666bb,
927f894b0ef786f6,
92c5d0a8b41449b2,
92ce2a0fa5b38074,
92e1a39a1d78eb99,
92e734eb1f62294c,
92fe48f58a7cac7c,
93275c3e65f960cb,
9335c0cb6c683a41,
933666f1ffca8733,
9365fd36fc01187d,
937a9462f31bb3da,
938383ffa3d55d7a,
9392850234e6c71a,
939e27990d6eb88f,
93bfe70bdc44c90c,
93cb3db1c82e23c0,
93d4b4c6643330a9,
93dee913e9fbd403,
941401b99a9fb71a,
94141bec8a45180e,
942664e404d6100c,
94418c7dc1a9a653,
9451e8daad93409e,
945fa0450aa80f11,
948b3d3fa852ea30,
9499de026ecc86d1,
94c431fd1d706256,
94c8197411d9bcb6,
94d7078c607a6324,
94ef9bda118f7dc2,
94fa097bb4b92411,
9524bff8bf3873e5,
9537c63c55139b75,
953e4b7f9f931587,
958bb8c136317078,
95a40ed2d0e19413,
95c6c1c9dd14cad3,
95c95639334e1a27,
95ca68775d2ae798,
95cfd64fbcfc1f71,
95d5d047cd4e271b,
95d7a0edcc47b688,
95f01c2c24a5f34d,
962315799b7b75c5,
964510dfd4bbc1d9,
964b945ada66620d,
964d23d10b592c78,
964d2a73871f7ff4,
965507a84e12cd6a,
9670b716ed8954fb,
9679bf2f23b6d510,
967c2f9097e6b1b6,
9685eca43200a4f4,
969a57dc6df5edd9,
96ed39d1033af038,
96f4846b95512e85,
9714e48b2d948ad0,
972b7d35e96e98fc,
97335febedd405d5,
97397ce99dd74d3a,
9746625ab2a0ede0,
9749005804400c3d,
9749303af187064b,
9758c5b94382448b,
975f89c89ab8cbd4,
976b4680a149c0fa,
97704e39978cd283,
977a19921d216c9a,
97bd665cfd80a017,
97caeb058cf5f96c,
97cb591ac660da10,
97d2de51a1d89975,
98089e48037e4cc9,
982b16954f6e94d5,
98407d9cf8c6b534,
98539ce10f10cc5e,
988173ac473096c8,
988344fd75e2c72e,
989c3b54ac0da234,
98a90227975b149e,
98b0b1539cf398c0,
98bc56c677dee997,
98c18bacdff65e4e,
98cb5f455f84b058,
98ccd7a04c225fef,
98e2787438ad2b08,
98e32e2938aa32cc,
9929a40f3eecb1bf,
9929c1b6db14c7f4,
993d62363c7eb474,
99529bf6da143f8b,
995a1e0bf8c6cf6c,
9966cae84555e27c,
9976edd6ed257a74,
99899030e5c89dba,
998a17d71508c5ce,
99a4d9c86ee01742,
99ae650961c53762,
99df8c64e66515df,
99e48f76fff3ba08,
99e706d2b381c0f8,
99e9c4555eed465c,
99ea53263c0129b9,
99f4c2fa05e915ed,
9a006588a672a1cd,
9a2c4b53c3a237d2,
9a30ebdc8cbf4ddf,
9a38e8ba45e15704,
9a3fcd86153cdb2d,
9a45d5ef94171ead,
9a664ecec44550ba,
9a6652a1b6c238b4,
9a74abbbc301a76e,
9a806fee38f0d281,
9a97a34c425a4b0a,
9ac08f8a8dd471b3,
9aee4172c205a1e9,
9b1c688a8ba9f49f,
9b2b6ec83faab405,
9b3171e372ffd7b6,
9b360d9230ebae44,
9b3c81cb3bd8c33d,
9b54b6ba66d02a1c,
9b69f6778e4db41c,
9b6e3300463f1e88,
9b9ea8c07213602a,
9bc6496c64833744,
9be22a8b31220be8,
9be26ee59227409e,
9bff9bd9cb990eb8,
9c0bf384102a3414,
9c3cdda08a34d9ad,
9c4d18bf8558d643,
9c5432e69573cfa4,
9c6f71702dbd4e36,
9c7346250b114177,
9c94b83f3c0e6818,
9cacd5bcaecfbb0a,
9cf975d47d0f542c,
9d0d07245bc7af85,
9d10a6ff0cd4da32,
9d315451afcdbbd6,
9d4367824f8f9e41,
9d4d90549725ef32,
9d595398804725c6,
9d6d6af300fb020b,
9d9cd2deb54a9466,
9d9d6b4d66051836,
9dae1f92f1de09c9,
9db7ee349c99c108,
9ddcfd2083621526,
9e01858d285f1bad,
9e1457af524d75dd,
9e1a82f41e8874a9,
9e23cc79ceceea60,
9e30b0c24fad44e1,
9e32d5c65c99feac,
9e4493c80739e171,
9e550b40a1ff8a6d,
9e87a18a6ef46b5a,
9e8c1c47bfb33be0,
9e95f18106634063,
9e9a48d0b61b9e0b,
9e9a6947011c9a0e,
9e9fc28e7fc7d423,
9ea3d7c6771e09cb,
9ea5590fc081d96a,
9ea9cad49d928cc8,
9ee987dad0a50966,
9f11be626fe1e370,
9f1fbe30b7c7703c,
9f3cee18957ee6dc,
9f3d7375fefc5d42,
9f449136466e2a2a,
9f4a4f7309cf9228,
9f5b1c60ab6753cb,
9f6e2f98eb2bb9b1,
9fa9ca6891468fbe,
9fab1b13f332cd82,
9fad14fed456c0ee,
9fbfaddf09ea4f43,
9fd53a4b776c81a3,
9fe762be7d4f2b1f,
9ff32e9dfc64a6e7,
a0269496b087df63,
a02b8f9382c532dc,
a02f7a5122f0f1f9,
a043db9f85ade89f,
a05720c76193ddaf,
a0787e5c28e4a0dd,
a0819a21cf3b59b6,
a0913cb7299c9d6d,
a0a8e1bd3affb0e1,
a0ac3c843be32537,
a0ad7a8fbbd6c9a9,
a0ae2ec93b05f51d,
a0b5af56e59b5256,
a0dd9b1e5263761f,
a0deb82507bbb034,
a0f1a69183941d9c,
a0f29f6cc77a0cdc,
a10a4a28705a848c,
a11efbb08e341f74,
a147e00d064cab8e,
a156d9f2adc8063e,
a1617a3206d1dac3,
a17cb3493ac4ba9b,
a19dde67f2473347,
a1a719520384a188,
a1a80f1b9e76a2b8,
a1ee899484a96ef3,
a1fb01f4111201a8,
a21b47d761d884e6,
a21e946e612742e7,
a2305387c16a5201,
a24470c9843c959a,
a25b22a953c8da3c,
a27d5bb2b060bb2b,
a2888ff52e290a5f,
a29ff53dc0cc3b80,
a2ab5997a56c1122,
a2be5c212ca3e49f,
a2c3c93117d04486,
a2cd60a9e5c85bdc,
a2eaf7707283bcc1,
a2f9d9614f6dfca2,
a3073d61b7d3bba1,
a308ff3f55b0e3a2,
a32169790ac3cc1a,
a3295e03978b5ecc,
a3525f562196deb8,
a3d9bb3ab63413f0,
a410b0fad9e3f689,
a42bb699c758104a,
a44f6454c6c9fc61,
a461dbd000c5c078,
a47a207477d487d2,
a482b731cbbb3595,
a484c2d0a80d13b3,
a4c844717ec51f2d,
a4cb2dd812a76d0b,
a4cd3ce92000fe35,
a4d4d5f00ecc6b72,
a4efc4e31f141ade,
a50690b78f2fd2e3,
a550667711fdc4c4,
a5552da9781fc1ad,
a5618a2678359dd5,
a56436519ab0b055,
a57e78f27d467acd,
a57faea0db421c4c,
a5ca0e5bc73ab90e,
a5ea59146cda572c,
a5f74ee3c37fa631,
a5fa58e5135f56f9,
a63848e5e73558cd,
a63cbfcfd1a2f851,
a65a79b18f1c5549,
a677ea3a53878a83,
a67caaccc2ea8ab2,
a682c055b5da5116,
a6b06a736e62a7d2,
a6d1b36ee7d491b9,
a6d8da0af61e309b,
a700e75d47ad0f0d,
a7109d06ba346161,
a73fd1504440a4ef,
a7b7198b8442c9b0,
a7b9808910299090,
a7d05afaac54edf5,
a7e3813a7f482f62,
a7ebd6524c4151f1,
a80c7264011c0fb3,
a80ff505f4e5edbc,
a81bc19aecdbe88a,
a82b1a9e14872c3b,
a84cfb69c2f63d98,
a853e8caff547533,
a863cb2980f8caca,
a87304a69ecfe940,
a881f7c5edee1eec,
a89b258856f1e224,
a8bcdd7ed74d94e9,
a8be1206bad94831,
a8c00fee6c1fe4d0,
a8c44a45cab43fd4,
a8c77f2a92aa5364,
a8e78113b604649c,
a913171d9bae5ef8,
a913be4015719572,
a914aaeebcc922c6,
a94bc73110b0c24a,
a94f362fd78d11f7,
a956d2a3e015d1d6,
a972dfca4e115e81,
a9739c817c6dad08,
a97a2ea104526eda,
a9875b0034b694dd,
a9b50d2c9ff1d3ed,
a9bafa9f86582acb,
a9be58441f8f80f4,
a9e85ee88f5dc139,
a9ec116de58587ea,
a9f0e57035e94966,
a9f4da42af5f5c48,
a9fbb907b8b10d5f,
a9fcfbc79c43ddd1,
a9fcfdd42051d55b,
aa0bb5c57530de77,
aa0fe3d7687790c5,
aa152061dfaaeb6f,
aa36ec68d9754d5b,
aa389d5bb2952368,
aa3d12a622c8862b,
aa4900d1bbd6bf0e,
aa6fe686a4c27e7b,
aa7a364ee6bd2d45,
aa9594fec3e07167,
aaae764087f24651,
aade99887e81b8c9,
aafad66a2f157c25,
ab082862b8f90940,
ab10599bfb021f37,
ab12f3db87a98bd9,
ab67755882b62d70,
ab6abd0d458c64a8,
ab6d00067dff6de9,
ab7459964e96169c,
ab7d621b0d8fa194,
aba3a122a0ed7599,
abb429543a3de670,
ac15228031dc1d54,
ac186bbb39542c0c,
ac3f2e4c4c7e2cbb,
ac4904db6a564275,
ac6e54213444fcf5,
ac8ec8641916e7fe,
ac8edabeb1490117,
ac966aa3f11917e3,
ac9a63cc8fe5fa56,
aca5e1f87337f85e,
acab02227b128c07,
acabd936344dfa15,
acbdc2456b62632f,
acc874f979c9f508,
acf5a010367637bc,
ad0e5c3d3c4af29e,
ad1829c4d5fbbaec,
ad1f2279e62b1454,
ad2af02095c73f17,
ad6085fd480225b6,
ad63406a39e548fa,
ad89192140422774,
ad9de103ee254f8f,
ada48148dc527576,
adb440fee38bb901,
add00ded1b8d5a3b,
add82a2d74c19cce,
adda838699f39ead,
adfc68d550701374,
ae47455c768b912c,
ae499543500004c8,
ae7dc775e06feb1b,
ae8eaea7874c35f3,
ae8f75d127cc2974,
ae9061067261e71d,
ae9aa2f84219491f,
aeb7d6c925a2157c,
aee9c8ddc52076e0,
aef1a5d168dec438,
aef56a99ae9323ad,
af00c00738a9da9f,
af0fb13b691463b7,
af1f88e3d2fe4057,
af2427b14ad94a7c,
af8655925d29edc9,
af89876ca9b8c92c,
af993f6c80989d29,
af9c51018f6444be,
afa014df903d0a2d,
afa31e08d4f6249c,
afae4bfd3de3be7a,
afb97aa154b1d552,
afd36b0517818856,
afd57f84ba748ab5,
b00a1d52b199b73b,
b03101ee5dec47db,
b034a53d3683423e,
b070be200cbc7229,
b07f0dc3b85eb51b,
b0800b38cb26cdd1,
b086b285236410ca,
b09e4f8a7319af1f,
b0bab46db7943593,
b0fa119197adb46f,
b118a1d968d8fb0c,
b11d41e3e5b401d4,
b1263006aa374a75,
b144dc511a01ae38,
b14e59951c0be224,
b173da6c8b41da05,
b17b453c6af8a490,
b17cad7a67dd16ec,
b1835bfda35b81c5,
b191b047f56f8454,
b1a5119ea16a15d5,
b1d00f3e496b14a8,
b2196176cc0ffda9,
b236286b849c59b1,
b23bc603eda8f24a,
b24375e838a54ed1,
b24b332fd49b9433,
b27cb341b4870595,
b297fcd3ef1d98d4,
b299794f9cfbea0a,
b2a1a2dc8491cd35,
b2ab34f2cf83ae94,
b2ad45926fa21313,
b2b5cbd6545c56fb,
b335417198be3623,
b34922fa5543d54d,
b35a5455e9116935,
b363549bbe8fab80,
b38f07f44db58592,
b39b8456677ac83e,
b3a300d8963fbf77,
b3a747146af47011,
b3ad58f94fd125a4,
b3d2967a2c776c18,
b3e872c54288a29d,
b3eaa85c8d572fba,
b3f33dd5b37ebcdd,
b3f3f81eae0be7a8,
b401d2585e8a710a,
b408954c45890cdf,
b43b82131761c3ab,
b44679b61da66c9a,
b4873dd64b3b11e6,
b488347711ac5825,
b4b319b163f5283e,
b4c34c06f29f81fa,
b4e223ac15451851,
b4e3cebe63a8b36f,
b4fd4ac63acded22,
b4fea83953a93974,
b51994ee101bb20b,
b51ed0cc102d2c32,
b52538bfbf12406e,
b54c58e87b21a74e,
b55e050239fcabed,
b5667e93bfe0cdd0,
b56b734cae1e6e32,
b56e1db3cdbfdd2e,
b56f3f34fd0b339e,
b577d621272cbea5,
b59b8d2d62c2d6fa,
b5b263ea0ed7024d,
b5cda3af7c95b3dc,
b5cf3ffaef604208,
b5d5d611f69b84b0,
b5d91f7a9e96cfc1,
b5f6837aeebcb5ef,
b65dbd7e0e8a644d,
b68151248cbb0446,
b6b7274ff4438025,
b6c1b44e18fba034,
b6c8fc8b3f4a8cba,
b6dabe111523ae05,
b70d960fb386184f,
b713d3491d2d0690,
b71bff532805d61b,
b729b63b8824bed8,
b73eaeff8201f85b,
b74088991226524e,
b7684f2d88132a50,
b7849fe5fe38b125,
b78a6000ba7e097d,
b792cd16e71859a3,
b7984f42346e3529,
b79a9095ff7956d3,
b7a63bc5c12907dd,
b7abae1d9061841c,
b7f5b7e3e44babf6,
b8013182f4f3c77b,
b80d3c6bc4cecc88,
b83655c461db5a23,
b84857f8af5664f8,
b8690335eea4f648,
b87c97ef645aa45c,
b889c748b57823a0,
b88a3a7c1e543400,
b89565f07a733411,
b89ab3c21b7a0835,
b8a140a83db6e160,
b8b46bc91862dbd2,
b8d198d9ea6f3217,
b8d7c5722c931536,
b8e848611401eda6,
b8ffb5387216d121,
b90ba15b2605cea5,
b92540672532994a,
b925684ecac1ef36,
b93178ea32e85057,
b9599e4c2e485713,
b95bf0f664f71f4f,
b95c108aa4601a12,
b96738eb0a34a3a1,
b97ff02a3e2342b9,
b9a845e954dd57ff,
b9ae515e9db8caff,
b9c43dbead04b322,
b9f38e5c41c5d2c0,
b9fcc57eb3051305,
ba072233d47ddbf3,
ba1df2e66fb381fe,
ba34b906dd996ac6,
ba3ad8c0225bda7a,
ba3de57a68d9cc14,
ba70eb15749affd6,
baba35f565a36093,
bad3f4f92a1e18da,
bafb843f95dbdb0d,
bb2b47f8319ee58b,
bb3f2459253507ad,
bb4801f4c8f238cb,
bb526d94bdfa4788,
bb6b267d12f9c5dd,
bb7d518a2e41ccce,
bb8b3c090d2c6efd,
bba17860e097325e,
bbaec8719d4109d0,
bbd5f34c4067fadb,
bbdaee8f575e8a74,
bc316c92f413c0fa,
bc38bd59d4b452ec,
bc3c63b987148ff6,
bc41bdc300fbe45a,
bc450b577d472252,
bc4a60411c91d310,
bc4b90fd52be0768,
bc4e99e82e23571a,
bc5fc905383f36d5,
bc727ad13afd2cba,
bc9af2da15862e2c,
bc9bbc3f8622ff85,
bca2b935cc6b6840,
bcca3dfbac47b8cd,
bcf9cd4bd9e3f14b,
bd0aeefe0993bf30,
bd1e06c7774d0ad9,
bd22c48019c48609,
bd2bbcf129fed938,
bd2da16d45946416,
bd3a7812b26ed565,
bd3aff9ee69d869a,
bd3f1f6b2a2d046f,
bd5c1f8cf82e95dd,
bd636cfc5fdaebdb,
bd6639c382c9f0b2,
bd8ef85029e0138f,
bdb7e6ade1a1523e,
bdc5992c497fb012,
bddaf431af26a850,
bdfc26177138627a,
bdfedfd720d94ef9,
be122111bb493736,
be318de1064a888e,
be58f50d2b85026e,
be6b084632175966,
be7b2b48bc3e3b3f,
be8195007febbcd0,
be8bd59079f43514,
becbb15898f28513,
bed1702fdef9c2ae,
bed351c3484c3203,
bed3afcc44c426c3,
bee43b57eef65e23,
bef933daee0cd8a3,
bf3ec39780511d57,
bf4ff5bc00991120,
bf6efabd8bed10ed,
bfb95e5d1a3f4427,
bfea199ae77df0cf,
c036db3c7faf33d3,
c036e654fd794f1d,
c0452a997dc91791,
c05bdf0dfc422bf0,
c0aea77924e6a7e3,
c0b9fddf15a7669c,
c102be62a54347cd,
c11055de8e4e8aec,
c148cd6a818387f4,
c1833ab18d9f2a3e,
c19158dee1b4d6cd,
c1949422faa89e43,
c1975181ea4644d2,
c1a8f1353376a08e,
c1b0079e54dadd7a,
c1ffc043d3594059,
c204fae77e31c54e,
c20e4ca86d98b835,
c21908abd08920af,
c223515897571104,
c23621e9bb4448c1,
c254fa7128a3efc4,
c2f905db13fa9cba,
c3069352366c87c9,
c3166e965009a0d5,
c3498db00e78a5f5,
c34a172ff24d3ada,
c34da2a0905551f7,
c361a21e133f7c7a,
c37864f8e4506c5b,
c38d42466b3eb1f2,
c3b03c0d6124ce3c,
c4522e000351c472,
c45b81105263aae9,
c4b25435ed6e5ea7,
c4d6fc49f5f96984,
c51a74818e41cb55,
c51ab8d928680ca7,
c51d432d72ceaa00,
c565702cf1e8dd53,
c57a4b527ad39a3b,
c5851b63768d0d27,
c5bb3bf7ceda2d28,
c5c14ee99a38ee62,
c5c6626a8c92d45a,
c5cab328d59cb1c6,
c5d1c1bb291951b1,
c6255623041ee006,
c63dff18775749ba,
c642de0aa391498f,
c651bf11137a85c3,
c6895b53baa5dfe5,
c69029faa589fe4c,
c695ef4bd9e1a150,
c6be0ed41650762b,
c6c80eddf3e1cc33,
c6cc8923f787d472,
c6cedbc8d84f476d,
c6d36e23adc6bbfc,
c6d815636158dac1,
c6e1e391a84c486a,
c6e406feaa90b775,
c6ebf5064ebbe6f0,
c6f1c89f48f94b7a,
c6f2dd95d7db4180,
c70920cfa9a95450,
c71b26a9d4f00e40,
c72ed3667ae4b09b,
c73ed65b650141ff,
c7a37bc94671412c,
c7abde7468977e55,
c7b0e8b067f435e0,
c7c1f311de037765,
c7c544f9f1179ae5,
c7fe39e0b08a84c4,
c7ffdf854a1f4908,
c8072561c79a1d17,
c85346110f83cacf,
c85a083214de86a8,
c87f579da300829c,
c889efe81fc26fd7,
c89d9fd899af5016,
c8b9b2772344aeac,
c8d610b212dc8762,
c8e50e9c804b2cd1,
c8f91702af613d2c,
c90a9426a57c92b1,
c90f6b893cb9a57c,
c912779496ba5144,
c93d9b67fe2d4681,
c93e2ee271a5374a,
c9476b4f144b6122,
c9606e96860057e4,
c973d421fc9ba279,
c98a2e3e0361decf,
c9a97e5eea808a8c,
c9adfbb9482f0a59,
c9b99f10aef73b26,
c9c98f80f0c83601,
ca0c1d96e6234e63,
ca1cfd8a758f4f0a,
ca45113233f31aaa,
ca472cfdc9bb11de,
ca4751693d300d18,
ca51ff1e4547893a,
ca560737896d1703,
ca7108f049c3297a,
ca724440ac6010ba,
ca7d48d019129bb7,
ca8d02bfa9642347,
ca9d933cef2dc50c,
caa807ca79e17e92,
caa8086d8b4bd5b8,
cab1ad37306ec0ff,
cadb58cd1dfbb3cb,
cae17cc4f10d1791,
cb07386df6260160,
cb0fa562cc97b38b,
cb3179f4bfdf1878,
cb460ab41ef5b22f,
cb46378b2f84e6c2,
cb538190f2c88b69,
cb558e256b233ebd,
cb62d1abad16d2c0,
cb9b2a30d9384262,
cbf2683fab0fcdb0,
cc02f38ad015bfd5,
cc04306fc52c82bc,
cc19878c9fc3ef1a,
cc5b1cd2851ce46a,
cc5cd3611844271e,
cc7c7649d0efb765,
cc965cc9ad205a10,
ccabdecca562a698,
ccb2546c87dad700,
ccbabafce96f54e4,
ccbb2c8f6ec52666,
ccdbae66a4b41c58,
ccfddf0daa73a58a,
cd1e49eac04d75df,
cd3ee1778b1c254c,
cd679419cae69449,
cd67a5dbc3004d5c,
cd6f6cda996d48ad,
cd761b0adbcccb3f,
cd9a73806d275638,
cdc6149ed9734751,
cdc7005984b83ff8,
ce43e8d2e0b4f4f4,
ce5295c2657b5ee7,
ce868d202498f6c4,
cea716eba957dae1,
ceaa40f761ea2706,
ceb5f5d3c1fbf8cb,
ced7a2c20a77782b,
ceee8fa6a99a8755,
cef060139450a8fc,
cf09b1332619fc59,
cf0e93f4924ae5c1,
cf1937be84a9ba49,
cf498b8e93602b90,
cf9c449e5082643c,
cfbb1d689357dd32,
d008dd4b25d8d786,
d00950b96aab9cc4,
d0165bb7f9690eaf,
d02bc6247903381c,
d02d7d6dcc9e0e0a,
d0374229f9f21fdc,
d03b0c19a3e6885e,
d03c3b3c635046fa,
d0435bf1b966dc8a,
d054966b123d943d,
d05975ccc918b144,
d061452dbb8abe04,
d08d10ab2a7eeab5,
d0939591a5d81b0d,
d0a38b753536f888,
d0b320ee6833dc26,
d0ebc3c63dc22751,
d0ec26d551eed460,
d0f3228677186bba,
d11cdd489773b97a,
d12cefe0fdcb6f0e,
d130c5f394bce960,
d14c322969117dea,
d14e5a1ccea0a99a,
d1673050a47b2ab6,
d172327d00b538ca,
d17c27485adcad40,
d17f088b979b84a7,
d18fb5b3c2a27115,
d1cf989746c8800b,
d1d15a74dd9b2542,
d1d7f218b052da69,
d1dfa327ae290c3c,
d1e4eb8c3825de02,
d1f220e97ea460ea,
d1f5b61410f492fa,
d209cd2a83a2b133,
d20e2fc76d3e14ff,
d219ac3e71f43d12,
d226c79e866fc42d,
d25980ff948b72ad,
d273294cbf0952ae,
d27b470a02a1b41c,
d27d01251480f117,
d29545f2613abb90,
d2a34898981dee7d,
d2a9e0d2faa42d67,
d2b00234854799ac,
d2d64c506f6e8a40,
d2dad8aeb3756fb5,
d2e9eeb148860b93,
d2ee36fdadebee03,
d2eec9414c90a2c5,
d2f47e4e20fdfd51,
d30cca5a80ea5a72,
d32e89d7aef37e4e,
d335c9353d16185c,
d341ef1c059a4fe4,
d3431cabe16453bb,
d35ff1bb8c86614e,
d368b4415fe3bd46,
d36aa7afe1b6113c,
d394c42a267a320b,
d3ada03b0df5ee42,
d3b6935668869653,
d3b890ba5a7a5b24,
d3d1280950d62a56,
d40256c7cf891ae9,
d4131e4adb4818ac,
d41631697bf660bb,
d424e6d4073aea49,
d425d9bfd68a9935,
d426d432c9c8e1cc,
d4335301d4f4517d,
d44093e90e94a1fe,
d46092f87b785b2d,
d492e82c29ab3f03,
d4a5def9d95a55e1,
d4b54e8202863c5e,
d4e6b7c3b0c71c95,
d4f6bdf07841d463,
d501418701472343,
d515afa57640e82a,
d53b0025841d7425,
d545226592f26506,
d572059b213a493a,
d57c8e8e299c46b5,
d57f9f6ef4374b32,
d5b593c82aabb24e,
d5c228c5300c5e12,
d5c51f92e01992a3,
d5c6a350033274e9,
d5e126a0a3ec1a7c,
d5e33916cabf4119,
d5e71606bd76ed2c,
d608074b218acdf2,
d60a801df05f9b4f,
d60b72e1c9ce1a18,
d614c5c2cfed161c,
d6629b05f9490d9e,
d666a3a2fbcced6f,
d67cdf219830e13d,
d68f59641797cb15,
d68fefb4ab624bbf,
d6b6b9574a76758c,
d6bf9861273c09e5,
d6d05244c44e5e1c,
d6d386755c54d84a,
d6f202a9886947ad,
d6f83d584afa0768,
d701173f16c3515d,
d746584879791e95,
d76adc82b09461b1,
d76c4400db47b92a,
d78695a641502413,
d789f5451ad6867c,
d78d513938e56725,
d795df8aecb77375,
d7cae1ad19ef25bd,
d8038869804401e7,
d807555ee60f797a,
d80b0c22a85c3c2b,
d83731c3439c0cbd,
d83835b722293ab8,
d83d4424faffa2e2,
d867d76c9acd2971,
d86b9af8c6e19923,
d87a3f3e887d79ff,
d88e8a7417465de7,
d8b849ce22e52fa3,
d8c4b9df87becf3a,
d8d56eb94619af33,
d93b649e566deb01,
d963c4babcb814b9,
d980dd09476a71cb,
d99670f237c79ab8,
d99c091221600c38,
d9b5acc373280aee,
d9e45d97f84f36af,
d9f4b6a9a1d881c0,
da1e6ddf3b1a4cee,
da3f28ac8621fd32,
da47f3fe88ac54d6,
da6788e428c836b9,
da6c129cff3ee029,
da71ef82d9f644a9,
da8df4d8c1d37b1c,
da900900911c53da,
daa20eb7fa772dfe,
daafb179eb506a03,
dacdb9723b205f3d,
dad76278a7ba045c,
dae01c447e5d07fd,
daec86dd99b12f19,
db2122c963e78377,
db30d067ae2111c3,
db4028db7a4145a9,
db40bc83b4eae969,
db5106f39fe2fdc5,
db5a0741a7f89206,
db698d0c7746f0cf,
db7388ecd9ef81ba,
db8aa9cf936f8f60,
db98405de85dfa7c,
dbabf530a17c1ca4,
dbb419997c4d455a,
dbbdfdc6e1b22d39,
dbbe7370b0a72bdc,
dbc209575c8ed509,
dbc32b2bbaa1e39b,
dbc6593c40893c35,
dbdc1cca246239ea,
dbdd7be3a170d205,
dbde9f808c02aee4,
dbe82b536a4d472f,
dbed2c83eb0eeb23,
dbf6dfab9a234e36,
dbf998f0726a1a48,
dbfb15dabe217c9a,
dc04ede0965fdce4,
dc06b2e2e95d2ce9,
dc08ef06884b257e,
dc2288c82da2fab8,
dc34af7950385a72,
dc4e0c525b4b934d,
dc587c5bb6a73118,
dc8972ae28070a9d,
dc99320f1acbfc39,
dca41921763bff9b,
dccbcea4a69ce6df,
dcd5bb66bd172b4e,
dcf84f420eeca1cb,
dd0785fc98c37953,
dd18a93b75a9e897,
dd37dd34fb9cb6f3,
dd3ae85a2763d1ec,
dd49cfcde4e07ef9,
dd4a502949e2a83a,
dd7d8f7584ab3b70,
dd8710ba0b68bd0a,
dd997de62a10b500,
ddaa4738aa96396f,
ddcb262802908cb7,
ddd0861c08ceb062,
dddc2fa25b1a296a,
de01cd41ffd45d38,
de134b8d8b45f802,
de28c1c4f8c81c57,
de482dba4a789367,
de4a6b1984258913,
de4f81816aefede9,
de6ecb4369bfa015,
de7773a15386ece8,
de7abfe83d376417,
de93690927da7f29,
dec1013c70ea785f,
dede84fc2fd81e42,
dedfd817bb5bb34b,
df0b8b24c44c0dca,
df12992ec3439118,
df135740d4acd9e7,
df13dc78cad73ecc,
df1b88e04e6aec7b,
df331f3ad1fc182a,
df6abee2be94b5e6,
df87dc3feb9bdc18,
df8c76c954dccb03,
df8edcf1789e3639,
dfe86a93cc278942,
dfffdf6b2f1e9d1c,
e03ac4784fd8c55c,
e03ee726e12bb7c2,
e04bc213f77b2942,
e06108aed5407107,
e067b079c8227c9c,
e0694b59c8675b19,
e07f262d76152a7f,
e09f03de966070ca,
e0b70bd30be74a5d,
e0b7e87520cf5549,
e0ca1d5e09dcd8ce,
e0d4b8e107d4b9c2,
e0dd26c29b8a39f5,
e123440662c16a69,
e129cb89c1030368,
e132f9bd07ffa2f6,
e139bbc957c177a2,
e16d5a8c6b7f7c6d,
e1796bc09ab6777e,
e17d77e3be734ff8,
e1849f3cebd579eb,
e18d8c0f27017a07,
e1924ae57aaee6f7,
e192e5bdc9980c30,
e1a9fcf4c3ad7570,
e1abffc178aca215,
e1bb3d89e54633e4,
e1c42a988bbfe72e,
e1c66d47cdf1e919,
e1d441d1d0d4d7f9,
e232cc4d42dcce92,
e24878a3facb4bf4,
e24a985696687663,
e24bc8764e665e39,
e24bf5baa161817b,
e2605fc4fe32b211,
e260c2a4c7a89008,
e265124f24596e77,
e26ded53b589ccbc,
e28b24574b46d646,
e29ee5147eb80390,
e2a974458d447846,
e2b469f46cd37633,
e2b4fcbfde74c7e3,
e2b856dc1ca18b93,
e2b98939b5b8bfd3,
e2bdeffe9eabd1fd,
e2c2bbe9d81bd55d,
e2ccd1246b2e1d05,
e2d42d085c048295,
e2ed14237d2b61fa,
e300c9b61eca11d9,
e326dab2e46de44e,
e3468e41354ebab7,
e34f9e4e24bdd91f,
e368aeb999c49171,
e3b1e2e54a1b692a,
e3ddf736f8f0b0c2,
e3e998426289f278,
e43da32056b1d04b,
e44d7dca0525e759,
e46a306708e544e2,
e486cd2843acda79,
e4a384d9939910f4,
e4b4071a1a1c8ea8,
e4cc6f6d945cd8a8,
e4d20eb30fadfd38,
e4d3e4878eac53fa,
e4d8eb11f33d2bb5,
e4ed27a8472c2c96,
e4fad0f3a71f0dd0,
e4fc86b24e984ce3,
e51ca35a04a2d670,
e531bc80f222450a,
e53e561b5dc6b83f,
e551d07318f31be2,
e57001624d9ce0d6,
e5729cc3c37d2d83,
e58926c2dc51aaae,
e59a3d47a7b62af3,
e5aa2a6016eff202,
e5ab127e67ca1a20,
e5b6dbfae5744a9f,
e5da83f2894233c4,
e5e20948ccb4e521,
e5fe4c9fa4078f81,
e6494f452a02f949,
e65a621597410c80,
e66142847c8d41f0,
e66c61a04f1b4c06,
e68bc3bdeb2d2c50,
e69911daeb007e51,
e6a109b3b95d9bf4,
e6cda492548183c8,
e6f07cad96de721b,
e706792154346dc3,
e75f65cb5e1c3a57,
e76da7e84ff52898,
e7791924b7a8c5b1,
e7870b81d299c64d,
e7b69abf73fdb944,
e7c1e8cb2d86c63d,
e7e0b3bba30c1368,
e7e63e5d797ad5f1,
e7ea1d6dd9304763,
e7f2c8600531b584,
e83c6a873f183b09,
e8749aa98d7bbc08,
e87ab1f652cb7ac5,
e87e3028808e83ca,
e89a0efc3e0edde9,
e8ab7e5e51224dd9,
e8c12675fe45e629,
e8c91302b9dc552d,
e8c9f08c8c5e4535,
e8cf963bb4d23e8d,
e8d1e054efad88df,
e8f1600356d9f6d2,
e9017891529fccc3,
e9095cdd33b979a1,
e959d427f29efce0,
e95dbd9c86fbf3d5,
e95ea9c9899352fe,
e961b3b3ae0bd499,
e9667e72410f320c,
e966e9ab3ac08062,
e966f32545e91666,
e99d1b6397e09574,
e99de6d99201c192,
e99fe3085bf05dd0,
e9b5ad59511b7158,
e9dd6cd93898c6bd,
e9e044440d2637a9,
e9e2beb4505053a5,
e9e93e8998d053fc,
ea1f0cc81ab2fa91,
ea2a8c3d16d1036e,
ea335f4b4d8ae30c,
ea68818f838ad743,
ea9180aa7df6ee51,
ea96441d59ef2fe2,
ea9c2247b526390e,
eabced30df86a83c,
eac82983b43782d7,
eb0072b18a516b1d,
eb0b02505c16a824,
eb1872f416f8ab67,
eb48dbae1f48e0a2,
eb5bf191c86bb4eb,
eb86d4ae029c8ac3,
eb99570c7ecce6bc,
eb9d0226b24ade7a,
ebae9fff20813575,
ebb0c7b96a225ada,
ebef944639450357,
ebf2c5a009ee287d,
ebf3af9a2ea0d024,
ec43412fe1d50e79,
ec53e7dc44dcad61,
ec6983c5c606d01b,
ec7430a69da249a5,
ec7c1b15e16c7588,
ec812f758d18c32d,
ec947060cfe789a2,
ece1cc4ccd2c8cfe,
ed0275b17001bd7f,
ed06e3808d71f57b,
ed0e50772a7291ed,
ed1b0ba756983ce5,
ed3be60c4faff0bd,
ed5ff834b62c2351,
ed8dfef0a151c387,
ed98089419468d13,
edd606c4555aac3a,
edda47930c5c727e,
ede1c90a4d566e17,
ee24b9607f25d0fa,
ee2d6c4d63b98434,
ee30910179e29836,
ee3428fa18207db7,
ee46b550c435f483,
ee95f03ddacbbb76,
eea62a33ad1780a6,
eeab3ba67d97d12b,
eeb31bb9215d64a3,
eec09ba3a1139077,
eeceb32fbd107200,
eedabea844ef4f6d,
eef5a199f8a4d2fa,
eefd38e53cad8df8,
ef1e8083ff4e840c,
ef31dc16ada04324,
efa8c45de5d14c7f,
efbb1700b36172d4,
efbe97fe60dd2f8f,
efc46f404355186e,
efcc3b3d913d4e6c,
efe0c7e608ac87d4,
efe13cdcb019e968,
efec5fb5c3405ffe,
f003f51370a50c93,
f00899924afb0d57,
f0231abdaf73d007,
f02840648bee247d,
f04b1c2e6ec6b359,
f06fefb3abfc9877,
f08aba0820e3ced2,
f08dd09abe9f17a5,
f0c5a628e887deae,
f0c99030ede49938,
f0cb4c15818227fd,
f0d149ab498b07df,
f0db66f90ef8b655,
f0f8f8cae2aa4f91,
f10b09c552e128cc,
f11814e85298b3ac,
f11c8a9d1deb02c5,
f13748d04e3589c2,
f13b67ad52a70ca7,
f13fb76a32b5be07,
f14ccbf7e4c723bb,
f152777ac6b9d3d3,
f1554aabb2475540,
f161158faad59821,
f17f554666ca12ff,
f218255cdf7e042d,
f21f5243a3a03a5c,
f2292ed35e627740,
f284aab952c379c0,
f284ce9d728b7b8c,
f28f000c0b922231,
f2b00d49e912c28b,
f2bb6c9e051cd674,
f2c1497ba33c3589,
f2c3ec51930a24e6,
f2dc5e9b6536a88e,
f2e3d8d512fe5af9,
f2ee0c899d84051d,
f2efb6c6782737af,
f31ab8907d7a62f1,
f326c0e7f5a18d69,
f32e862bb527e02b,
f33f5aba0c140e31,
f3476472b668cf41,
f394c1986a58d9a6,
f39c5eae13108c66,
f3c59a4be5c55e39,
f3c5ec9257a244b4,
f3cf0f201bcd9dd8,
f3d6ee3a1a6be165,
f3dd12ab5ef92b2d,
f3f2a7c21eae3dca,
f416d903c6d85dd7,
f4292b3af04a36e9,
f42e74a589ea5a40,
f467e17bbab8c38c,
f474745a871da7ba,
f4a3d0a04cda84fe,
f4befaace327f3aa,
f4d0744845c5a8a2,
f4f3eac261c6a77a,
f4f5ac16a14bb916,
f4f7753dc2bfb99b,
f4fa9e366fdfafe7,
f51a904283fc6f60,
f531310cc3b49735,
f53c9b465694f2a7,
f548b18f9c2f1732,
f5518cc24cad0e85,
f56f416febae1730,
f579bf00a38d8eba,
f582033c5dfcf3b6,
f58396ee9922d461,
f5ac2d892aae4690,
f5af0d45a1bfabeb,
f5c3333e0b63b205,
f5e808667c1a793f,
f6086302c6d317d2,
f61c2eb39b97f682,
f62f951c90fc7c94,
f633cb1682c13eef,
f63a7c994dfdbec4,
f64468fee200de7f,
f648747bdffbaea0,
f652c12e67c66c6f,
f66e519ed6c0e74e,
f6985a3a9f3907f9,
f6aac8f80acb4da5,
f6c815713e2df3ed,
f6d85544806672fa,
f742c25b6b4498d6,
f744ae408a064b4c,
f7468b650cf5b856,
f74e037dd9b03f97,
f75181d81619ced3,
f76371522c7f066a,
f7702f3e49fd6af1,
f771a5dd38328084,
f78724aeeeee4ba6,
f79c631de960a742,
f7af475e307d74ae,
f7cd80294252c2e5,
f7ec3bdee254abbf,
f7f26757a8333561,
f7f6b0add190a48f,
f81951fa9908eec2,
f81f2926e990d373,
f830778e8769f032,
f831eba2f22f6104,
f8349caa92ef7304,
f83bc9783c06ac3a,
f8411030a07ff0ef,
f85a952fe68d9086,
f867719ca398753f,
f86bf07a146f6d3d,
f87a2f7db038dca5,
f87fdd6c08a4fb1f,
f8a3a3bffd832fb0,
f8b8397d810afe6f,
f8b923cc784b1a01,
f8d1c4541dbb4e9b,
f8e1fb97fa382075,
f8ea5351245901e1,
f915c7ed2f0da1f0,
f92e9dbad6f08b68,
f938a5eacf2ac36e,
f93a97c7503a74bb,
f93d4698602a8eb2,
f95c84c901644f43,
f966981f06d63c75,
f966a670b26cd62a,
f976ea88bbf535fd,
f97a8de79fdd120a,
f9903346df187c20,
f99a546a5539cfbf,
f9b33baa8cffa5ba,
f9b7f10291d92853,
f9b9b6043c0eefed,
f9c3878f86c0e825,
f9cb9b8539a0ef96,
f9d470115a4876d2,
f9d605a4aaa1e065,
f9ed7ca844bb4d65,
f9f4967b642cfa2c,
fa04e014fc886cc7,
fa1a9c70401b36ff,
fa212b3110f72316,
fa3da6a533092084,
fa65e00002944172,
fa8429627ef6680e,
fa8f5676d4bbee86,
facf95b02e418894,
fb059068332067dd,
fb0cae80fe2ac9fc,
fb409fca105c958f,
fb4aab42211eb331,
fb65504f89749e15,
fb947536ad14961a,
fb9924486af9b168,
fba7d069a683e618,
fbc858824722982c,
fbcb7823bbfd6008,
fbeb1ac3d9311231,
fc04d15f80736458,
fc0d6a7ad502cc86,
fc23b6bc90ba1e39,
fc2a40463c5fbc62,
fc2c5f6e5d40ce18,
fc4e7d28b421674b,
fc51e2f2a0717743,
fc63e1023ccc9f3c,
fc7c9c3aa7fbf1d8,
fc872debee38eb7d,
fc9cbd311e6be876,
fca8ceca321331b7,
fcefb15c88bee6d2,
fcf52ea455ca476d,
fcfecc4c06bd2c97,
fcff04fc711b6b60,
fcff9fb09fa61a63,
fd05687092296548,
fd1044f7f7a90194,
fd1049bb59b78775,
fd1927eb0768a55b,
fd3841bc60862989,
fd3ae6bc2ca395bc,
fd4e92ed4f5c452e,
fd5307c7a3700629,
fd539ff686027c0c,
fd5763814d0dc8cd,
fd6c4a06eebc95ff,
fda82cd92fe332e3,
fdaedda2dc4685a9,
fdcd392ca7d3ba10,
fdd0f05e0d323a99,
fe01b41b39d90c5d,
fe36c0fd5f50924f,
fe5352b29f25d6fe,
fe86b7318956bf3f,
feae829823ba76c0,
fecc824e850e1f41,
fedb4785b031363f,
fef1651e402b9db2,
fef6fe429365b6f6,
ff2f82db799bf247,
ff31c0f0fdc21455,
ff361d65c5d26fea,
ff611b061f5ceb6d,
ff6a9e516d685849,
ff70a399a80c1c96,
ffae8e4907100e60,
ffb4b6f619fb60ea,
ffb54299b1ad4159,
ffc2c91dff8cf2c0,
ffc4e330a5353a2a,
ffc71fed753d90c1,
c20e4ca86d98b835.jpg, a  as M
ee30910179e29836.jpg,^~ Say
19715393750c278b.jpg,"*   eye <           oy %     %%   + ae og            % \ Ss   ,             va   .       % % We *          ee :  %            { om EN %,    :  \"
1ec94cb9a2575262.jpg,"oil             |              : !     ;       |      ;         i. ll      oe       Garg  sage     a Tr Rae| ae  es   ""1"
cd3ee1778b1c254c.jpg,";   |   i       :                         } 2 Se:       5                        Bass:     wi           :        ies! | Seg      :                 a 222 (Bass Pod ie)     e.               fo ke a | 89       ie 2         ie =)       '                       ss IE  iets =         #         ~ = ""% ~ z              oy pees 3      :  i                                        fs a) lal                                    ee                                     "
53321f5c92d6d29c.jpg,=  ae ee ll  00020  11       pete.      = ue dt    wi ee PE               Ie       | |.     :       I a            a
f28f000c0b922231.jpg, 
ad1f2279e62b1454.jpg,"a 1 aay                i        =    4S 20 Benes ow,  i a cn wn Berens oon mare  .       2     one A"
31e4d91f308aad9a.jpg,hye Toney ee                     ok                    1
376515c62a2886bb.jpg,"1                                            4 1                                          8  \ ,               \ 1"
8191df264ba631ef.jpg,      a
9537c63c55139b75.jpg,= /
7e0ee3da381e3d81.jpg, | | CF   (a 3               | | Al   9010           |     lv           | |        |         |     |  1 |         Be ae                 |           es |     :                |          006        i)      | aves |                  3    Z|     yy                  !  |'                ei _       L
8be27ee11a757295.jpg,
d6bf9861273c09e5.jpg,ae 8 y gan d per = ~ 
15d6890b32a3491a.jpg,47 ia [ ea | |  Ae i || ie |
37adbf12f411fd8e.jpg,. I                             1 ve  i!                      <3 
b0800b38cb26cdd1.jpg,| 06 eres) SM)  /: : i  i i nig  1510  ef      (7 ae
3a03b5fe24e6b758.jpg,+  1
6e1a1f448fd6069d.jpg,0. ( . cn i a   | i  4  
ba1df2e66fb381fe.jpg,_ @ eo: <
b408954c45890cdf.jpg,=
cd679419cae69449.jpg,AO INR PERT NE TS eT 5 Ta ee aa -      wed Pci   | | 4 :    4    ex  %          i   i               ie         *            i                  ia
99e48f76fff3ba08.jpg,cen 0                es PERSIE SERRA i   S00 GREO BK Be WES WN 6106 0% 9 |                 aoa | | ey   ae             Hones}                         | | fees bed  Fecenore '   28S 95: aun RNR SB Oo nce esate Peer a
f4a3d0a04cda84fe.jpg,hese ER)  00 a      eee sie  EERE fates |   . 05 | | 2      %      Wats |  Cee ee | 0 feet |            rs Bee 2 00000 | 00 i MEK     Tyne ks .           ere a 8 A mene 01001 1     STE     aa oN Pings teas ovzuun tures  copes neat weuaeracsho ate SORE AREER 86 0888 Se      Gti
cd761b0adbcccb3f.jpg,
